#tiles																																													
#id	windswept	waterswept	disturbed	exposed																																									
rock/stone																																													
sand	x			x																																									
dirt		x	x																																										
grass		x		x																																									
roof			x																																										
																																													
# animal archetypes																																													
	run_speed	swim_speed	climb_speed	warm_blooded	colorblind	uv_vision	heat_vision	forages	hunts_alone	pack_hunts	eats_berries	eats_grass	eats_small_game	eats_big_game																															
dog	3	1		x	x				x	x			x																																
wolf	3			x	x				x	x			x	x																															
bear	2			x				x	x					x																															
goat	0			x	x			x				x																																	
bird	3		1	x				x			x																																		
fish	2	1			x	x																																							
snake	3				x		x		x				x	x																															
																																													
# character archetypes																																													
#id	male	lifestage	skin	hair	bald_prone	dwarf	strong	fat	attractive	thirsty	hungry	wants	loves	harasses	follows	avoids	guards	wanders	run_speed	swim_speed	climb_speed	colorblind	deaf	blind	speaks_native	speaks_foreign	literacy	numeracy	places_known	people_known	respect_level	respects_level	wealth_level	heals	mends	cooks	smiths	carpents	masons	picks_locks	controls_weather	animal_friend	owes_player	unescortable	criminal
player	x	1		3					x			friendship							2	1					x 																				
little-brother	x	0		3								ball						x							x 			0																	
big-brother	x	2		3			x		x			harvest,love	pretty-woman						3	1					x 			2			2						1	1	1					x	
smart-friend	x	1		2								friendship							2						x 		1	2																	
color-blind-friend	x	1		1								friendship							3	1	1	x			x 																				
foreign-friend	x	1	4	4								friendship							2	1					x 	x						0	0												
fat-friend	x	1		4				x				friendship													x											1									
sister		1		3								flower							2	1					x 																	x			
pretty-girl		1		2					x			flower							2	1					x 																				
pretty-woman		2		1					x			gift							2						x 																				
plain-woman		2		2								book,love	big-brother						2						x 		1																		
pretty-man	x	2		2			x		x			love	pretty-woman						3	1					x 			2			2						1	1	1					x	
bully		2		4			x	x						player					2	1					x 			0																	x
henchman		2		2											bully				2	1					x 			1																	x
father	x	3		3			x					harvest	mother						2	1					x 						2							1						x	
mother		3		2								flower	father						2						x 										1	1								x	
farfar	x	4		3								work	farmor												x 																				
farmor		4		1								work	farfar												x 																				
morfar	x	4		1								work	mormor												x 																				
mormor		4		2								work	morfar											x	x 		1																	x	
foreigner		3		4					x			friendship							2	1						x	3		2		0			1	1	1	1	1	1						
blindman	x	4		2								friendship												x	x	x			0																
elder	x	4		2								work											x		x			2	2																
wiseman	x	4		2								work											x		x		x	2																	
wisewoman		4		4								work													x									1	1									x	
madman	x	3		4								bug						x	2	1					x						0		0								x				
madwoman		4		2								bug	smithy		smithy			x							x						0		0		1						x	x			
witch		4		4								flower													x						0			1	1	1					x				
wizard		3		2								book													x		3				0				1						x				
artificer		3		2								book													x		2				0				1	1	1	1	1						
thief	x	2		3					x			money						x	3	1	1				x			0			0		0							1					x
beggar	x	2		3							x	food													x				2	2	0		0												
grifter		2		3					x			money													x						0		2												x
harlot		2		3					x			money													x						0														x
genius	x	3		3								book							2						x	x	3	4												1				x	
savant	x	3		3								survey							2						x	x	2	3	3	3	3													x	
idiot-savant	x	3		3								ball							1						x			4																	
idiot	x	3		3			x	x				friendship							1									0														x			
stableboy	x	1		3								work							2						x			0														x			
shepherdboy	x	1		3								work							2						x			3	2													x			
busybody		3		3				x				secret							1						x					2					1	1									
carpenter	x	2		3			x	x				log				madwoman									x										1		1	1	1						
smith	x	2		3			x	x				log				madwoman									x										1		1	1	1						
mason	x	2		3			x	x				rock				madwoman									x										1		1	1	1						
tyrion	x	3		3		x						money							1						x		2	2			3														
hellen-keller		2		3								book							2				x	x	x		2	2																	
farmer-maggot		4		3													maggot-farm		1						x							2										x			
hetman	x	3		3								work					hetman-house								x			2		2	2	1													
hetman-guard	x	2					x		x			money					hetman-house	x	3						x						2	2												x	
magistrate	x	3		3								soldiers,treasure					court-house		1						x			2		3	3	2	2												
magistrate-guard	x	2		3			x		x								court-house	x	3						x						3	3												x	
																																													
# instances	archetype	hungry	thirsty	hurt	angry	sad	panicked	befriended																																					
