1 	The shortest games of acceptable length take 10 hours to play. From recent personal memory: Crash Bandicoot, Fable, Carrion
2	It takes 20 hours to become "okay" at something. 
3	It takes 20 hours of flying a plane to be trusted to fly alone, 40 hours to be trusted flying others
4	The player is playing the game because they want to learn a language. 
5	From 1-4, we should expect 10 hours of content for minimum viable product (MVP) and not less than 20 hours upon minimum main quest (MMQ)
6	Drilling inflection and vocabulary requires repetition, so much of this content could be made repetitive or procedural so long as there are minor variations to make the task of learning more pleasant.
7	Cycles of day, month, and year present a way to repeat and vary inflection, demonstrate concepts in language, and keeping things interesting: e.g. on different days with different party members, the user must command: "I sleep", "you sleep", or "we sleep", the user learns the word "month" by how things change across months
8	Cycles are ordered by their duration: day, weather, month, year
9 	Cycles should have mechanical consequences where possible to demonstrate the concept, justify the feature, and provide interesting variation despite repetition
10	From 9, the day/night cycle is enforced mechanically by nocturnal predators, special items (firebugs, luna moths) that can be collected for quests, changing access to certain locations (unable go out on moonless nights), and a tired status that resets upon sleeping
11 	From 9, the weather is implemented by several settings that oscillate in cycles with periods that are golden ratio powers of a day, and weather is enforced mechanically by changing access to certain locations (e.g. frozen lakes, swollen rivers), special items (frogs during rain, flowers after rain), and a cold status [after MMQ] 
12 	From 9, the month cycle consists of at least 2 days and is enforced mechanically by changing access to certain locations (going out on moonlit nights)
13 	From 9, the year cycle consists of at least 12 months and is enforced mechanically by changing access to certain locations (e.g. frozen lakes, swollen rivers) and variations on play (e.g. tower defense games in summer, snowball fights in winter)
14 	Games that feature mechanically enforced cycles (Minecraft, Terraria, Majora's Mask, etc.), especially cycles that affect enemy spawns, usually feature cycles with short periods, typically around 20 real minutes.
15	From 14, to simplify math, 1 game hour will be 1 real minute, and 1 game day will be 24 real minutes
16	From 4, the player is a child to justify why they are still learning the language, no more than 12 years old
17 	The player is old enough to have friends and play on their own, no less than 5 years old
18	The player is expected to remain a child throughout the game, otherwise the player asks questions about things that are not required to implement, like finding a girlfriend, job, wife, house, etc. [this might provide a way to extend game play past the main quest, but it should only be pursued after MMQ]
19 	From 16-18, the main quest should be expected to take no more than 7 game years
20 	From 19 and 5, a game year is no less than 3 real hours or 9 game days, a season is no less than 45 real minutes or 2 game days, and a month is no less than 15 real minutes or less than a game day
21 	From 19 and 7, the main quest should be expected to take at least 2 years.
22 	From 20, 12, and 15, a game month must be no less than 2 game days or 48 real minutes
23 	From 22, 21, and 13, a game year at MMQ must be no less than 12 game months, 24 game days, 576 real minutes, or 9.6 real hours, and must be 12*M game days where M is the number of days in a month. At MMQ, M must be exactly 2.
24 	From 23, a game season at MMQ is 6 game days, 144 real minutes, 2.4 real hours, and must be 3*M days where M is the number of days in a month.
25	From 23, 21, 19, and 5, the main quest is expected to take no more than 2 game years, and any expansion to gameplay past that point will result in adding days to each month, M. [it might be nice to set M=3, so each day corresponds with nones, ides, and kalends, or M=4, so each day corresponds with phases of the moon].
26 	From 25, the expected main quest duration should be measured in terms of increments to M, where M≥2. 1 increment corresponds to roughly 10 real hours of expected game play. 
27 	From 24 and 14, seasons are intended to offer variation but the user cannot wait for them to unlock something that is critical to progress the game.
