								
temperature	hot	temperate	below freezing					
precipitation	rain forest	forest	grassland	desert				
elevation	plain	valley	foothills	mountain				
geology	active volcanism	igneous	metamorphic	sedimentary				
water source	harbor	coast	river	marsh	tidal flat			
water erosion	none	canyon	cavern					
wind erosion	none	dunes						
geo-engineering	none	terraced	strip-mined	mined underground				
transportation	none	path	road	canal				
building material	wood	clay brick	stone brick	stone carving				
roofing material	thatch	tile	shingle					
window technology	none	paper	glass					
purpose	wilderness	farmland	slum	market	palace	fortification		
economy	thriving	struggling	abandoned	ruined	ancient			
season	spring	summer	fall	winter				
time of day	dawn	morning	afternoon	dusk	night			
disaster	none	flood	fire	earthquake	volcano	war	plague	pestilence
