# tile_palette	
# index	archetype
0	rock
1	sandy-rock
2	dirty-rock
3	grassy-rock
4	stone
5	sandy-stone
6	dirty-stone
7	grassy-stone
8	dirt
9	path
10	dirt
11	grass
12	sand
13	stream
14	river
15	ocean
16	wood-house
17	wood
18	stone-house
19	brick-chimney
20	books
21	furniture
22	crate
23	swamp
24	bridge-deck
25	cutaway-edge

# tile_palette	
# index	archetype
0	basalt
1	sandy-basalt
2	dirty-basalt
3	grassy-basalt
4	rock
5	sandy-rock
6	dirty-rock
7	grassy-rock
8	rubble
9	sandy-rubble
10	dirty-rubble
11	grassy-rubble
12	stone
13	sandy-stone
14	dirty-stone
15	grassy-stone
16	ruin
17	sandy-ruin
18	dirty-ruin
19	grassy-ruin
20	dirt
21	path
22	dirt
23	grass
24	moss
25	sand
26	charcoal
27	ash
28	lava
29	ocean
30	river
31	stream
32	swamp
33	wood
34	brick
35	stucco
36	crate
37	fur
38	skin
39	wood-ruin
40	wood-house
41	rubble-house
42	brick-house
43	stucco-house
44	stone-house
45	wood-stairs
46	brick-stairs
47	stone-stairs
48	brick-chimney
49	rubble-chimney
50	stone-chimney
51	books
52	furniture
53	bridge-deck
54	cutaway-edge